,title,artist,top genre,year,Key,bpm,nrgy,dnce,dB,live,val,dur,acous,spch
,,,,,,,,,,,,,,
,,,,,,,,,,,,,,
,1960,,,,,,,,,,,,,
1,Are You Lonesome Tonight,Elvis Presley,Blues,1960,C Major,73,7,43,-19.35,11,19,3:06,92,5
2,It’s Now Or Never,Elvis Presley,Rock,1960,E Major,126,73,66,-7.31,22,93,3:08,4,3
3,The Twist,Chubby Checker,Pop,1960,G# Major,168,71,60,-6.38,6,91,2:17,10,16
4,Theme From ‘A Summer Place’,Percy Faith,Jazz,1960,C Major,186,41,34,-10.80,50,86,2:19,49,3
5,Marina,Rocco Granata,Pop,1959,G Major,103,42,66,-14.27,7,89,2:46,57,4
6,Cathy’s Clown,The Everly Brothers,Pop,1957,G Major,120,54,51,-11.39,14,89,2:24,58,3
7,Save The Last Dance For Me,The Drifters,Blues,1960,E Major,143,37,57,-16.06,32,83,2:34,49,4
8,Wonderful World,Same Cooke,Soul,1960,B Major,129,51,69,-10.23,46,89,2:05,63,3
9,Only The Lonely (Know The Way I Feel),Roy Orbison,Rock,1960,F Major,116,59,54,-12.98,95,73,2:26,20,7
10,I’m Sorry,Brenda Lee ,Country,1960,Bb Major,104,30,57,-7.66,14,34,2:35,92,3
,1961,,,,,,,,,,,,,
1,Stand By Me,Ben E King,Soul,1961,A Major,118,31,65,-9.44,7,61,3:00,57,4
2,Let’s Twist Again,Chubby Checker,Pop,1961,G# Major,168,71,71,-6.38,6,91,2:17,10,16
3,Surrender,Elvis Presley,Rock,1961,Eb Major,83,67,45,-8.19,28,89,1:54,76,4
4,Runaway,Del Shannon,Country,1961,Bb Minor,79,53,59,-7.99,17,73,2:17,15,4
5,Micheal Row The Boat,Highwaymen,Country,1960,C Major,107,12,53,-19.45,19,63,2:45,86,3
6,Blue Moon,The Marcels,Rock,1961,G Major,128,44,59,-9.66,8,90,2:17,67,4
7,Hello Mary Lou,Ricky Nelson,Country,1961,A Major,99,63,60,-9.76,6,93,2:18,50,3
8,Wooden Heart,Elvis Presley,Rock,1960,Eb Major,81,23,76,-12.75,4,83,2:01,78,5
9,Crying,Roy Orbison,Rock,1961,D Major,97,29,35,-9.50,10,16,2:46,76,3
10,"Hit The Road, Jack",Ray Charles,Soul,1960,G# Minor,173,57,60,-12.62,51,96,1:59,70,14
,1962,,,,,,,,,,,,,
1,I Can’t Stop Loving You,Ray Charles,Soul,1962,F Major,79,28,31,-13.55,32,38,4:16,82,3
2,Speedy Gonzalez,Pat Boone,Rock,1962,B Major,147,75,58,-5.50,12,84,2:29,91,6
3,Telstar,The Tornados,Rock,1962,A Major,145,67,31,-10.11,36,77,3:18,4,4
4,Return To Sender,Elvis Presley,Rock,1062,G# Major,132,62,84,-6.50,8,97,2:08,58,4
5,Can’t Help Falling In Love,Elvis Presley,Country,1961,D Major,67,37,49,-15.93,11,23,3:19,89,3
6,Good Luck Charm,Elvis Presley,Soul,1962,D Major,121,53,62,-9.83,51,79,2:25,62,4
7,The Loco-Motion,Little Eva,Soul,1962,Eb Major,130,93,64,-4.09,18,89,2:26,70,5
8,Let’s Dance,Chris Montez,Rock,1959,C# Major,153,84,73,-7.75,32,96,2:26,39,10
9,Stranger On The Shore,Mr Acker Bilk,Jazz,1962,Bb Major,73,38,27,-11.02,21,32,3:18,29,
10,Roses Are Red,Bobby Vinton,Soul,1962,F Major,52,19,53,-14.11,12,58,2:43,81,3
,1963,,,,,,,,,,,,,
1,If I Had A Hammer,Trini Lopez,Rock,1958,D Major,87,95,54,-8.26,94,92,2:57,45,7
2,(You’re The) Devil In Disguise,Elvis Presley,Rock,1963,F Major,123,60,48,-13.34,29,87,2:20,50,13
3,Hey Paula,Paul & Paula,Pop,1962,G Major,110,26,54,-11.85,27,46,2:30,80,3
4,Be My Baby,The Ronettes,Soul,1963,E Major,130,77,51,-7.03,9,82,2:43,18,4
5,Louie Louie,Kingsmen,Blues,1963,C# Minor,122,71,62,-9.82,10,95,2:45,10,6
6,Sugar Shack,The Fireballs,Pop,1963,G Major,132,66,85,-10.30,6,86,2:03,29,11
7,Sukiyaki,Kyu Sakamoto,Jazz,1961,G Major,145,34,41,-11.16,16,46,3:07,64,3
8,I Will Follow Him,Little Peggy March,Pop,1963,C Major,126,44,64,-10.89,52,90,2:28,72,3
9,From A Jack To A King,Ned Miller,Country,1963,Eb Major,99,45,62,-7.55,15,77,2:11,76,3
10,Dominique,Singing Nun (Soeur Sourire),Folk,1962,C Minor,136,28,73,-11.89,11,64,2:56,95,12
,1964,,,,,,,,,,,,,
1,I Want To Hold Your Hand ,The Beatles,Rock,1964,G Major,131,70,50,-6.91,31,94,2:26,53,4
2,"Oh, Pretty Woman",Roy Orbison,Rock,1964,A Major,127,60,62,-9.48,7,96,2:56,71,3
3,She Loves You,The Beatles,Rock,1964,G Major,150,90,31,-5.16,18,90,2:20,39,5
4,House Of The Rising Sun,The Animals ,Blues Rock,1964,A Minor,117,48,32,-9.11,9,30,4:29,0,3
5,I Feel Fine,The Beatles,Rock,1964,G Major,90,83,56,-7.09,13,91,2:19,9,3
6,A Hard Day’s Night,The Beatles,Pop Rock,1964,C Major,139,81,59,-7.04,27,79,2:36,19,4
7,You’ve Lost That Lovin’ Feelin’,The Righteous Brothers,Soul,1964,C# Major,94,39,36,-9.70,10,32,3:46,57,3
8,Can't Buy Me Love,The Beatles,Rock,1964,C Major,172,62,45,-6.88,34,84,2:13,28,8
9,Where Did Our Love Go,The Supremes,Soul,1964,C Major,135,49,57,-10.87,9,85,2:33,79,4
10,Hello Dolly,Louis Armstrong,Jazz,1964,C Major,156,50,52,-6.93,18,66,2:27,83,6
,1965,,,,,,,,,,,,,
1,(I Can’t Get No) Satisfaction,The Rolling Stones,Rock,1965,D Major,136,86,72,-7.89,13,93,3:42,4,3
2,Unchained Melody,The Righteous Brothers,Pop,1965,F# Major,100,46,56,-15.13,10,89,3:43,9,3
3,Help!,The Beatles,Pop Rock,1965,F# Minor,95,73,53,-7.58,10,76,2:19,19,3
4,Yesterday,The Beatles,Pop Rock,1965,F Major,94,11,48,-15.47,9,20,2:31,83,3
5,Downtown,Petula Clark,Pop,1965,E Major,118,59,48,-10.47,25,67,3:07,81,5
6,Wolly Bully,Sam The Sham & The Pharohs,Rock,1965,G Major,142,36,87,-13.69,28,96,2:19,29,6
7,Mr Tambourine Man,The Byrds,Folk,1965,D Major,120,47,46,-9.56,44,64,2:29,51,3
8,Ticket To Ride,The Beatles,Rock,1965,A Major,123,85,52,-6.78,23,75,3:11,5,7
9,My Girl,The Temptations,Soul,1964,C Major,105,42,57,-10.74,10,69,2:45,64,3
10,Like A Rolling Stone,Bob Dylan,Folk,1965,C Major,95,72,48,-6.84,19,56,6:09,73,3
,1966,,,,,,,,,,,,,
1,Strangers In The Night,Frank Sinatra,Jazz,1966,F Major,90,47,26,-8.28,20,54,2:37,59,3
2,These Boots Are Made For Walking,Nancy Sinatra,Country,1966,G Major,174,35,46,-14.61,8,72,2:43,93,6
3,Good Vibrations,The Beach Boys,Rock,1966,Bb Minor,133,50,40,-6.89,15,38,4:15,39,3
4,Paperback Writer,The Beatles,Rock,1966,G Major,158,86,44,-5.03,68,72,2:18,24,6
5,Yellow Submarine,The Beatles,Rock,1966,C# Major,111,64,62,-7.06,52,65,2:39,21,3
6,Paint It Black,The Rolling Stones,Rock,1966,B Minor,159,79,46,-9.17,38,62,3:22,5,10
7,The Sounds Of Silence,Simon & Garfunkel,Folk,1964,G Major,88,14,37,-19.70,98,23,4:16,89,4
8,Monday Monday,The Mamas & The Papas,Folk,1966,B Major,199,39,30,-13.34,17,37,3:27,34,5
9,Winchester Cathedral,New Vauderville Band,Rock,1966,C Major,125,76,79,-6.19,25,89,2:27,36,3
10,Reach Out (I’ll Be There),The Four Tops,Soul,1966,Eb Minor,120,60,61,-8.91,19,74,2:58,3,3
,1967,,,,,,,,,,,,,
1,A Whiter Shade Of Pale,Procol Harum,Pop,1967,C Major,150,66,25,-6.91,9,44,4:08,50,3
2,I’m A Believer,The Monkees,Rock,1967,C Major,80,78,53,-6.05,22,96,2:47,71,4
3,All You Need Is Love,The Beatles,Rock,1967,G Major,103,48,40,-7.77,16,65,3:50,35,3
4,"Hello, Goodbye",The Beatles,Rock,1967,C Major,99,81,50,-5.28,53,66,3:29,40,3
5,Penny Lane,The Beatles,Rock,1967,A Major,113,49,65,-8.22,14,49,3:00,21,3
6,(The Lights Went Out In) Massachusetts,Bee Gees,Alternative,1967,D Major,104,50,40,-8.23,55,38,2:56,15,3
7,San Francisco (Wear Some Flowers in Your Hair),Scott McKenzie,Folk,1967,G Major,113,55,51,-10.13,15,43,2:58,32,3
8,Daydream Believer,The Monkees,Pop,1967,G Major,126,49,51,-10.30,11,65,2:59,26,3
9,The Letter,The Box Tops,Pop,1967,A Minor,139,43,64,-12.16,13,90,1:52,25,7
10,Light My Fire,The Doors,Rock,1967,E Minor,131,63,46,-11.96,20,68,6:58,15,3
,1968,,,,,,,,,,,,,
1,Hey Jude,The Beatles,Rock,1968,Bb Major,145,55,40,-10.16,9,67,7:11,3,3
2,Those Were The Days,Mary Hopkin,Pop,1968,F# Minor,170,29,37,-9.40,11,50,5:00,87,3
3,Jumpin’ Jack Flash,The Rolling Stones,Rock,1968,Eb Major,137,89,60,-7.69,8,64,3:42,7,5
4,(Sittin’ On) The Dock Of The Bay,Otis Redding,R&B,1968,D Major,206,31,48,-13.52,6,60,2:43,72,5
5,I Heard It Through The Grapevine,Marvin Gaye,Soul,1968,Eb Minor,117,36,71,-10.85,13,62,3:14,27,4
6,Honey,Bobby Goldsboro,Film OST,1968,G Major,93,28,40,-13.12,20,60,3:58,67,3
7,Judy In Disguise (With Glasses),John Fred & The Playboy Band,Rock,1967,G# Major,81,50,61,-10.20,5,89,2:54,6,4
8,Lady Madonna,The Beatles,Rock,1968,D Major,109,71,64,-8.96,18,78,2:17,39,3
9,Delilah,Tom Jones,Country,1968,A Minor,96,48,53,-10.94,55,79,3:22,61,3
10,Eloise,Barry Ryan,Pop,1968,C Major,131,67,41,-9.64,35,47,5:44,22,3
,1969,,,,,,,,,,,,,
1,Sugar Sugar,Archies,Pop,1969,D Major,122,73,76,-7.26,11,97,2:47,40,3
2,Get Back,The Beatles,Pop,1969,D Major,123,59,76,-9.84,61,33,3:09,49,6
3,Suspicious Minds,Elvis Presley,Pop,1968,G Major,118,41,46,-10.55,38,73,4:21,3,3
4,Honky Tonk Woman,The Rolling Stones,Blues,1968,G Major,120,78,56,-6.71,7,97,2:59,36,6
5,In The Year 2525 (Exordium & Terminus),Zager & Evans,Pop,1969,G# Minor,123,62,45,-5.61,7,50,3:19,15,4
6,Crimson & Clover,Tommy James & The Shondelis,R&B,1968,B Major,82,69,41,-9.48,20,68,3:29,24,7
7,The Ballad of John & Yoko,The Beatles,Alternative,1969,E Major,135,89,65,-6.55,13,96,3:00,0,3
8,Come Together,The Beatles,Pop,1969,A Minor,165,38,53,-11.91,9,19,4:19,3,4
9,Aquarius/Let The Sunshine In,Fifth Dimension,Pop,1969,G Major,118,74,29,-6.10,10,51,4:49,45,4
10,In The Ghetto,Elvis Presley,Country,1969,Bb Major,88,26,41,-15.78,14,44,2:47,68,3
,1970,,,,,,,,,,,,,
1,Let It Be,The Beatles,Pop,1970,C Major,143,40,44,-8.34,11,41,4:03,63,3
2,In The Summertime,Mungo Jerry,Country,1970,E Major,164,65,64,-8.57,14,97,3:31,66,6
3,Venus,Shocking Blue,Pop,1969,B Minor,128,76,69,-6.47,8,96,3:07,46,4
4,Bridge Over Troubled Water,Simon & Garfunkel,Folk,1970,Eb Major,80,21,15,-13.89,12,26,4:51,82,3
5,Raindrops Keep Falling On My Head,B J Thomas,Country,1969,F Major,106,49,51,-8.22,20,70,2:58,87,6
6,Spirit In The Sky,Norman Greenbaum,Christian,1969,A Major,129,62,61,-7.09,12,54,4:02,10,3
7,Whole Lotta Love,Led Zeppelin,Rock,1969,A Major,90,90,41,-11.60,41,42,3:50,5,41
8,Lola,The Kinks,Rock,1970,A Major,151,89,46,-4.60,7,93,4:01,46,4
9,Up Around The Bend,Creedence Clearwater Revival,Jazz,1970,D Major,130,78,59,-8.95,28,81,2:41,10,4
10,Yellow River,Christie,Pop,1970,E Major,130,54,63,-11.44,15,88,2:44,9,3
,1971,,,,,,,,,,,,,
1,My Sweet Lord,George Harrison,Pop,1970,C# Minor,121,69,54,-9.02,8,55,4:41,8,3
2,Imagine,John Lennon,Pop,1971,C Major,76,26,55,-12.36,9,17,3:05,91,3
3,Maggie May,Rod Stewart,Pop,1971,D Major,129,57,61,-10.54,7,54,5:11,56,4
4,I Beg Your Pardon (I Never Promised You A Rose Garden),Lynn Anderson,Country,1970,C Major,135,83,50,-9.10,94,66,3:10,22,4
5,Joy To The World,Three Dog Night,Pop,1970,D Major,127,68,65,-12.52,34,97,3:40,46,3
6,Brown Sugar,The Rolling Stones,Pop,1981,C Major,129,93,63,-3.59,6,96,3:48,22,3
7,Theme From ‘Shaft',Issac Hayes,R&B,1971,A Minor,120,69,50,-12.54,21,70,3:16,4,5
8,She’s A Lady,Tom Jones,Pop,1971,D Major,120,88,51,-9.10,25,62,2:54,21,16
9,Knock Three Times,Tony Orlando & Dawn,Pop,1970,B Major,127,55,72,-13.62,13,87,2:57,38,5
10,It’s Too Late,Carole King,Pop,1971,A Minor,208,44,45,-12.72,13,81,3:53,50,4
,1972,,,,,,,,,,,,,
1,American Pie,Don McLean,Folk,1971,G Major,138,51,53,-10.89,14,50,8:36,60,6
2,Without You,Harry Nilson,Pop,1971,E Major,64,34,38,-9.26,7,16,4:49,32,3
3,Popcorn,Hot Butter,Pop,1972,B Minor,137,63,78,-14.62,6,95,2:31,4,6
4,Beautiful Sunday,Daniel Boone,Pop,1972,A Major,122,46,68,-13.16,29,91,3:02,31,3
5,Heart Of Gold ,Neil Young,Rock,1972,E Minor,171,40,54,-13.55,11,83,3:07,20,3
6,The First Time I Ever Saw Your Face,Roberta Flack,Soul,1969,C Major,122,3,32,-21.82,11,12,4:20,82,4
7,Nights In White Satin,The Moody Blues,Pop,1967,E Minor,85,48,20,-4.99,7,17,4:29,47,3
8,Let’s Stay Together,Al Green,Soul,1972,D Minor,102,41,73,-9.19,3,58,3:19,50,5
9,Puppy Love,Donny Osmond,Pop,1972,C# Major,102,68,41,-3.99,25,54,3:04,61,4
10,Alone Again (Naturally),Gilbert O’Sullivan,Pop,1972,G# Minor,172,39,55,-11.80,10,64,3:41,61,4
,1973,,,,,,,,,,,,,
1,Angie,The Rolling Stones,Rock,1973,A Minor,136,55,43,-6.13,11,41,4:32,67,3
2,Tie A Yellow Ribbon ‘round The Old Oak Tree,Tony Orlando & Dawn,Pop,1973,Eb Major,180,51,51,-14.38,13,72,3:18,57,10
3,Killing Me Softly With His Song,Roberta Flack,Jazz,1973,F Minor,122,38,48,-10.24,6,33,4:46,73,3
4,You’re So Vain,Carly Simon,Rock,1972,C Major,106,68,66,-8.18,8,65,4:18,16,3
5,Crocodile Rock,Elton John,Pop,1973,E Minor,150,80,62,-7.28,6,97,3:55,3,3
6,I’d Love You To Want Me,Lobo,Rock,1972,Bb Major,75,45,60,-10.10,9,50,4:12,20,3
7,The Ballroom Blitz,The Sweet,Pop,1973,E Minor,108,80,64,-10.86,6,89,4:00,8,6
8,Superstition,Stevie Wonder,R&B,1972,C# Major,101,58,61,-14.17,10,88,4:05,6,7
9,Goodbye Yellow Brick Road,Elton John,Pop,1973,F Major,121,47,56,-7.71,15,40,3:12,45,3
10,Get Down,Gilbert O’Sullivan,Pop,1973,C# Major,125,72,77,-12.93,4,92,2:39,50,4
,1974,,,,,,,,,,,,,
1,Kung Fu Fighting,Carl Douglas,R&B,1974,D Major,102,67,60,-10.43,29,59,2:08,4,7
2,Seasons In The Sun,Terry Jacks,Rock,1974,F# Major,99,43,62,-14.58,10,90,3:24,44,5
3,Rock Your Baby,George McCrae,Reggae,1974,C# Major,104,91,59,-5.54,8,89,3:20,17,6
4,Waterloo,Abba,Pop,974,D Major,147,95,41,-2.88,35,71,2:46,24,6
5,You Aint’t Seen Nothin Yet,Bachman-Turner Overdrive,Rock,1974,B Minor,118,44,48,-15.04,22,76,3:53,0,4
6,The Way We Were,Barbra Streisand,Musical Theater,1974,A Major,138,34,27,-11.11,16,16,3:30,88,3
7,The Joker,Steve Miller Band,Pop,1973,F Major,83,45,60,-9.62,21,80,4:24,37,4
8,The Air That I Breathe,The Hollies,Pop,1972,E Minor,168,47,28,-8.38,16,25,4:17,24,3
9,Band On The Run,Wings,Rock,1973,G Major,125,57,48,-9.84,17,68,5:12,7,3
10,Sugar Baby Love,The Rubettes,Pop,1974,C Major,130,88,42,-4.67,37,78,3:39,0,5
,1975,,,,,,,,,,,,,
1,I Can Help,Billy Swan,Country,1974,C Major,125,65,46,-8.83,11,64,3:57,6,3
2,SOS,Abba,Dance,1975,F Major,124,72,39,-4.77,22,50,3:22,6,3
3,I’m Not In Love,10cc,Folk,1975,E Major,134,52,40,-15.70,28,16,6:06,69,6
4,Love Will Keep Us Together,Captain & Tennille,Pop,1975,E Major,130,48,68,-13.67,12,92,3:25,32,3
5,Lady Marmalade (Voulez-Vous Coucher Aver Moi Ce Soir?),Patti LaBelle,Funk,1974,C Major,118,67,59,-8.04,8,79,3:55,29,6
6,Fox On The Run,The Sweet,Rock,1974,E Major,127,92,48,-6.01,8,70,3:20,17,5
7,Una Paloma Bianca,George Baker Selection,Pop,1975,F Major,133,71,70,-10.61,20,94,3:32,18,3
8,Please Mr Postman,Carpenters,Pop,1975,A Major,133,55,66,-11.59,24,96,2:45,14,3
9,Fly Robin Fly,Silver Convention,Electronic,1975,C Minor,100,41,83,-14.15,7,94,3:48,1,3
10,Rhinestone Cowboy,Glen Campbell,Country,1975,C Major,115,62,64,-8.59,13,71,3:14,7,3
,1976,,,,,,,,,,,,,
1,Dancing Queen,Abba,Dance,1976,A Major,101,93,51,-4.34,57,71,3:50,18,5
2,Bohemian Rhapsody,Queen,Pop,1975,C Minor,144,40,39,-9.96,24,23,5:54,29,5
3,If You Leave Me Now,Chicago,Pop,1976,B Major,104,56,43,-6.78,13,28,3:55,2,3
4,Don’t Go Breaking My Heart,Elton John & Kiki Dee,Disco,1976,F Major,131,86,74,-7.82,7,78,4:35,18,4
5,Fernando,Abba,Dance,1976,A Major,111,54,35,-8.88,8,43,4:12,63,3
6,December 1963 (Oh What A Night),The Four Seasons,Pop,1975,C# Major,104,50,74,-13.49,5,97,3:17,6,3
7,Tonight’s The Night (Gonna Be Alright),Rod Stewart,Pop,1976,B Major,137,51,55,-12.62,38,72,3:57,34,5
8,Kiss & Say Goodbye,The Manhattans,Soul,1976,Bb Major,129,42,65,-10.09,13,58,4:26,56,6
9,Silly Love Songs,Wings,Pop,1976,C Major,125,47,74,-10.77,28,82,5:53,13,3
10,Let Your Love Flow,Bellamy Brothers,Country,1976,Eb Major,109,55,68,-14.69,14,95,2:46,6,3
,1977,,,,,,,,,,,,,
1,Hotel California,Eagles,Pop,1976,D Major,147,51,58,-9.48,6,61,6:31,1,3
2,How Deep Is Your Love?,Bee Gees,Rock,1977,F Minor,105,49,60,-5.82,19,54,3:59,6,3
3,Ma Baker,Boney M,Dance,1977,D Minor,129,75,75,-6.32,28,90,4:36,4,12
4,I Feel Love,Donna Summer,Disco,1977,C Major,127,71,67,-15.58,9,96,5:51,3,4
5,Mull Of Kintyre,Wings,Pop,1977,D Major,91,30,35,-13.78,12,42,4:42,0,3
6,"Yes Sir, I Can Boogie",Baccara,Pop,1977,D Major,123,76,45,-8.34,15,51,4:12,11,7
7,You Light Up My Life,Debbie Boone,Christian,1977,D Major,78,37,33,-10.06,26,7,3:38,83,3
8,Don’t Let Me Be Misunderstood,Santa Esmerelda,Disco,1977,A Minor,123,80,66,-9.62,18,50,3:36,2,8
9,We Are The Champions,Queen,Pop,1977,G Minor,64,46,27,-6.95,12,17,2:59,38,3
10,When I Need You,Leo Sayer,Pop,1976,C# Major,110,20,61,-16.46,22,17,4:12,72,4
,1978,,,,,,,,,,,,,
1,Stayin’ Alive,Bee Gees,Disco,1977,Bb Minor,103,90,69,-6.06,8,91,4:10,9,4
2,You’re The One That I Want ,John Travolta & Oliva Newton-Jonh,Musical Theater,1978,C Major,107,61,76,-11.40,10,82,2:49,28,6
3,YMCA,The Village People,Disco,1978,F# Major,127,97,72,-4.52,12,73,4:44,6,14
4,Night Fever ,Bee Gees,Musical Theater,1977,C# Minor,109,78,73,-7.06,10,84,3:32,2,3
5,Rivers Of Babylon,Boney M,Reggae,1978,G Major,115,85,73,-7.03,44,74,4:21,13,4
6,Baker Street,Gerry Rafferty,Pop,1978,G Major,114,35,50,-14.00,26,42,6:05,9,3
7,It’s A Heartache,Bonnie Tyler,Pop,1976,C Major,119,67,54,-7.36,27,55,3:28,3,3
8,Kiss You All Over,Exile,Country,1978,C Major,103,30,67,-16.99,10,57,4:56,9,3
9,Miss You,The Rolling Stones,Pop,1978,A Minor,110,71,80,-4.75,34,85,3:01,44,4
10,Grease,Frankie Valli,Musical Theater,1978,A Major,110,37,82,-12.12,9,85,3:22,25,7
,1979,,,,,,,,,,,,,
1,Heart Of Glass,Blondie,Alternative,1978,E Major,115,65,77,-6.11,8,69,4:12,5,4
2,Le Freak,Chic,Disco,1978,G Major,119,64,91,-11.32,6,90,5:31,3,6
3,I Will Survive,Gloria Gaynor,Disco,1978,A Minor,117,78,77,-9.57,30,80,4:56,2,5
4,Born To Be Alive,Patrick Hernandez,Disco,1979,D Major,131,87,70,-5.81,21,81,3:11,8,3
5,Tragedy,Bee Gees,Soul,1979,D Major,118,54,67,-10.71,32,79,5:03,9,3
6,Hot Stuff,Donna Summer,Disco,1979,C Major,120,74,82,-13.98,7,97,3:45,1,3
7,My Sharona,The Knack,Alternative,1979,C Major,147,70,59,-9.56,3,90,4:55,6,4
8,Too Much Heaven,Bee Gees,Soul,1979,F# Major,83,42,57,-13.17,72,33,4:57,43,4
9,Pop Muzik,M,Electronic,1979,C# Major,111,73,94,-9.98,8,97,4:56,12,4
10,Do Ya Think I’m Sexy?,Rod Stewart,Disco,1978,D Minor,112,47,72,-15.21,10,88,5:25,1,3
,1980,,,,,,,,,,,,,
1,Another Brick In The Wall (Part 2),Pink Floyd,Rock,1979,C Major,104,39,69,-15.88,25,72,3:58,8,4
2,A Woman In Love,Barbra Streisand,Pop,1980,Eb Minor,170,28,47,-16.31,13,33,3:51,25,3
3,(Just Like) Starting Over,John Lennon,Pop,1980,A Major,99,79,70,-6.16,18,42,3:56,30,7
4,Upside Down,Diana Ross,R&B,1980,F Minor,108,86,87,-8.56,4,88,4:05,18,6
5,Call Me,Blondie,Pop,1980,D Minor,143,83,55,-6.67,7,77,3:32,0,3
6,Funkytown,Lipps Inc,Disco,1979,C Major,122,42,89,-13.97,8,46,7:50,0,8
7,Another One Bites The Dust,Queen,Rock,1980,F Minor,110,53,93,-6.52,16,77,3:34,10,16
8,Crazy Little Thing Called Love,Queen,Rock,1980,C Major,77,76,60,-6.89,35,72,2:43,71,4
9,Xanadu,Olivia Newton-John & Electric Light Orchestra,Pop,1980,F# Major,128,58,64,-9.11,29,71,3:28,12,3
10,Fame,Irene Cara,Electronic,1980,G Minor,131,87,65,-6.35,43,58,4:02,1,5
,1981,,,,,,,,,,,,,
1,Bette Darvis Eyes,Kim Carnes,Country,1981,F Major,117,65,68,-10.27,10,60,3:48,2,3
2,Stars On 45,Starsound,Electronic,1981,G Major,123,65,78,-10.83,48,97,4:46,35,6
3,(Let’s Get) Physical,Olivia Newton-John,Pop,1981,E Minor,124,73,84,-8.47,11,74,3:45,13,4
4,Endless Love,Diana Ross & Lionel Richie,R&B,1981,Bb Major,187,34,21,-9.28,13,21,4:26,66,3
5,Tainted Love,Soft Cell,Electronic,1981,C Minor,144,50,50,-8.28,26,62,2:33,46,4
6,Woman,John Lennon,Pop,1980,Eb Major,80,66,59,-6.37,4,75,3:32,38,2
7,In The Air Tonight,Phil Collins,Pop,1981,C Major,190,24,45,-13.95,7,30,5:36,55,3
8,Celebration,Kool & The Gang,R&B,1980,C# Major,122,66,89,-11.80,8,91,4:58,15,5
9,Shaddup You Face,Joe Dolce,Folk,1981,E Major,119,55,78,-10.11,27,87,3:11,28,7
10,9 To 5,Dolly Parton,Country,1980,F# Major,106,58,53,-11.22,38,79,2:33,67,5
,1982,,,,,,,,,,,,,
1,Eye Of The Tiger,Survivor,Pop,1982,C Minor,109,44,82,-14.52,8,55,3:46,22,3
2,I Love Rock ’n’ Roll,Joan Jett & The Blackhearts,Pop,1981,E Major,94,72,54,-5.03,66,90,2:56,33,4
3,Do You Really Want To Hurt Me?,Culture Club,Alternative,1982,E Minor,101,38,74,-15.00,11,42,4:22,8,4
4,Ebony & Ivory,Paul McCartney & Stevie Wonder,Pop,1982,E Major,161,69,57,-7.88,3,71,3:46,8,4
5,Don’t You Want Me,The Human League,Electronic,1981,A Minor,118,74,73,-8.13,21,96,3:56,18,4
6,Abracadabra,Steve Miller Band,Pop,1982,A Minor,128,54,79,-13.27,17,96,5:11,8,4
7,Centrefold,J Gelis Band,Rock,1981,C Major,114,82,61,-5.04,33,82,3:51,1,3
8,Down Under,Men At Work,Pop Rock,1981,B Minor,107,81,74,-4.37,18,91,3:42,10,3
9,Come On Eileen,Dexys Midnight Runners,Alternative,1982,D Major,107,66,45,-7.05,26,78,4:47,66,5
10,Words,F R David,Pop,1982,Bb Minor,124,79,54,-5.58,14,53,3:28,37,5
,1983,,,,,,,,,,,,,
1,Flashdance… What A Feeling,Irene Cara,Disco,1983,G Minor,122,65,57,-7.03,9,40,3:57,1,3
2,Every Breath You Take,The Police,Alternative,1983,C# Major,117,46,82,-9.81,8,72,4:13,53,3
3,Billie Jean,Micheal Jackson,Electronic,1982,B Minor,117,60,93,-4.43,4,85,4:53,2,4
4,Karma Charmeleon,Culture Club,Alternative,1983,Bb Major,92,58,68,-12.03,15,93,4:14,19,4
5,Beat It,Micheal Jackson,Disco,1982,Eb Minor,139,80,76,-6.24,17,90,4:18,3,4
6,Let’s Dance,David Bowie,Blues Rock,1983,Bb Minor,115,74,65,-7.44,15,63,7:37,1,6
7,99 Red Balloons,Nena,Electronic,1983,E Major,97,48,70,-7.07,11,52,3:50,6,5
8,Total Eclipse Of The Heart,Bonnie Tyler,Pop Rock,1983,G# Major,130,72,43,-5.89,37,19,4:27,15,6
9,Red Red Wine,UB40,Reggae,1983,C# Major,89,36,81,-15.68,10,84,2:59,1,6
10,All Night Long (All Night),Lionel Richie,R&B,1983,C# Major,109,58,74,-12.02,5,78,4:18,12,5
,1984,,,,,,,,,,,,,
1,Careless Whisper,George Micheal,Pop,1984,D Minor,77,64,60,-8.88,32,79,5:03,14,3
2,I Just Called To Say I Love You,Stevie Wonder,Soul,1984,C# Major,114,56,75,-8.67,9,67,4:22,18,2
3,When Doves Cry,Prince,R&B,1984,A Minor,126,99,73,-4.61,44,84,5:52,1,5
4,Do They Know It’s Christmas?,Band Aid,Alternative,1984,C Major,115,64,60,-6.94,10,35,3:51,16,4
5,What’s Love Got To Do With It?,Tina Turner,Soul,1984,C# Major,98,48,86,-8.90,15,80,3:50,25,6
6,Relax,Frankie Goes To Hollywood,Electronic,1984,B Minor,115,83,68,-8.15,3,71,3:57,30,4
7,Girls Just Wanna Have Fun,Cyndi Lauper,Pop,1983,F# Major,121,84,72,-3.50,64,74,3:44,35,3
8,Wake Me Up Before You Go Go,Wham!,Electronic,1984,C Major,82,57,62,-11.89,6,90,3:51,27,4
9,Against All Odds (Take A Look At Me Now),Phil Collins,Pop Rock,1984,C# Major,116,49,59,-6.82,13,12,3:25,18,3
10,Like A Virgin,Madonna,Electronic,1984,Eb Minor,120,66,77,-10.84,7,97,3:38,15,4
,1985,,,,,,,,,,,,,
1,We Are The World,USA For Africa,Pop,1985,E Major,73,45,53,-15.26,7,29,7:07,19,4
2,Take On Me,A-Ha,Alternative,1985,F# Minor,84,90,57,-7.64,9,88,3:45,2,5
3,I Want To Know What Love Is,Foreigner,Pop,1984,F# Major,81,47,48,-10.04,13,42,5:04,19,3
4,Shout,Tears For Fears,Alternative,1985,C Major,98,94,51,-11.08,12,53,6:33,18,4
5,"Say You, Say Me",Lionel Richie,R&B,1985,G# Major,128,41,64,-11.11,8,26,4:01,36,8
6,Everybody Wants To Rule The World,Tears For Fears,Alternative,1985,D Major,112,68,72,-11.77,11,53,5:50,17,5
7,Money For Nothing,Dire Straits,Pop Rock,1985,D Minor,134,65,67,-9.32,6,65,8:25,5,4
8,Last Christmas,Wham!,Alternative,1984,D Major,108,48,74,-12.47,36,95,4:43,19,3
9,Nikita,Elton John,Pop Rock,1985,G Major,87,66,63,-9.29,7,75,5:43,12,3
10,Crazy For You,Madonna,Electronic,1985,A Major,95,55,67,-11.93,10,59,3:45,17,3
,1986,,,,,,,,,,,,,
1,Take My Breath Away,Berlin,Pop Rock,1986,F# Major,96,72,50,-9.40,41,55,4:11,6,3
2,Rock Me Amadeus,Falco,Alternative,1985,E Minor,177,72,62,-13.25,66,91,3:21,39,11
3,That’s What Friends Are For,Dionne Warwick & Friends,Soul,1985,Eb Major,119,46,36,-7.48,97,18,4:57,59,3
4,Papa Don’t Preach,Madonna,Electronic,1986,F Minor,122,93,83,-3.24,5,96,4:28,34,3
5,Walk Like An Egyptian,The Bangles,Alternative,1985,B Major,103,83,71,-12.76,30,76,3:17,1,9
6,West End Girls,The Pet Shop Boys,Electronic,1986,E Minor,113,91,66,-7.47,16,58,4:01,0,4
7,Sledgehammer,Peter Gabriel,Pop Rock,1986,G# Major,96,68,64,-7.56,4,47,5:13,4,4
8,The Lady In Red,Chris De Burgh,Pop Rock,1986,Bb Major,77,23,57,-20.34,4,52,4:11,34,3
9,Kiss,Prince,Electronic,1986,G Major,111,27,90,-12.24,5,74,3:46,1,9
10,The Final Countdown,Europe,Metal,1986,F# Minor,118,89,48,-5.34,7,14,5:10,1,8
,1987,,,,,,,,,,,,,
1,I Wanna Dance With Somebody (Who Loves Me),Whitney Houston,Electronic,1987,C# Major,119,82,71,-8.82,9,87,4:51,21,5
2,Never Gonna Give You Up,Rick Astley,Electronic,1987,G# Major,113,94,72,-11.82,11,91,3:33,12,4
3,La Bamba,Los Lobos,Latin,1987,C Major,156,76,51,-12.24,25,87,2:54,14,5
4,Faith,George Micheal,Electronic,1987,B Major,96,48,89,-11.99,7,61,3:13,1,12
5,With Or Without You,U2,Pop Rock,1987,D Major,110,43,54,-11.82,14,11,9:59,0,3
6,(I’ve Had) The Time Of My Life,Bill Medley & Jennifer Warners,Pop,1987,F# Minor,108,78,66,-11.25,21,51,4:49,13,4
7,Nothing’s Gonna Stop Us Now,Jefferson Starship,Rock,1987,F Major,202,73,49,-5.10,4,65,4:30,14,4
8,I Still Haven’t Found What I’m Looking For,U2,Pop Rock,1987,C# Major,101,76,57,-9.43,8,69,4:37,1,4
9,Livin’ On A Prayer,Bon Jovi,Metal,1986,C Major,123,89,53,-3.76,29,80,4:10,8,3
10,Who’s That Girl,Madonna,Electronic,1987,A Minor,104,65,63,-13.59,5,83,3:59,21,4
,1988,,,,,,,,,,,,,
1,A Groovy Kind Of Love,Phil Collins,Soul,1988,D Major,144,24,46,-12.19,12,19,3:30,41,3
2,Don’t Worry Be Happy,Bobby McFerrin,Jazz,1988,B Major,68,17,64,-22.59,6,78,4:51,88,16
3,Desire,U2,Pop Rock,1988,G# Major,109,83,49,-9.48,11,63,2:58,0,5
4,Get Outta My Dreams Get Into My Car,Billy Ocean,Pop,1988,E Major,117,91,66,-6.57,35,92,4:44,6,4
5,Sweet Child O’Mine,Guns n’ Roses,Metal,1987,F# Major,125,95,45,-5.32,11,62,5:56,9,5
6,I Think We’re Alone Now,Tiffany,Rock,1967,G Major,131,72,75,-12.13,2,94,3:48,3,5
7,Need You Tonight,INXS,Pop Rock,1987,C Major,109,61,79,-7.69,9,78,3:02,5,8
8,Heaven Is A Place On Earth,Belinda Carlisle,Pop,1987,E Major,123,90,61,-5.80,12,69,3:54,2,4
9,The Loco-Motion,Kylie Minogue,Electronic,1988,Eb Major,129,92,75,-5.23,2,76,3:13,39,4
10,I Should Be So Lucky,Kylie Minogue,Electronic,1987,G Major,116,98,73,-4.57,36,85,3:24,4,3
,1989,,,,,,,,,,,,,
1,Like A Prayer,Madonna,Electronic,1989,F Major,112,63,66,-12.36,17,32,5:42,43,4
2,Another Day In Paradise,Phil Collins,Pop Rock,1989,Eb Minor,102,57,78,-7.32,6,37,5:22,74,3
3,She Drives Me Crazy,Fine Young Cannibals,Alternative,1988,D Major,109,69,80,-5.68,3,97,3:35,19,4
4,The Look,Roxette,Pop Rock,1988,D Major,95,84,63,-5.36,5,54,3:55,5,4
5,Eternal Flame,The Bangles,Pop,1988,E Minor,79,25,52,-12.57,9,38,3:58,65,2
6,Right Here Waiting,Richard Marx,Pop,1989,C Major,178,25,40,-13.59,10,13,4:26,80,3
7,Swing The Mood,Jive Bunny & The Mastermixers,Pop,1989,G# Major,93,51,87,-13.38,20,88,4:48,5,5
8,Love Shack,The B52s,Pop Rock,1989,F Minor,134,80,70,-6.79,70,90,5:20,5,5
9,Batdance,Prince,Electronic,1989,C# Major,135,70,59,-9.89,14,47,6:13,17,8
10,Lambada,Kaoma,Afropop,1989,F Major,119,80,76,-5.16,5,97,3:27,21,3
,1990,,,,,,,,,,,,,
1,Nothing Compares 2 U,Sinead O’Connor,Pop Rock,1990,F Major,120,57,51,-7.02,11,16,4:40,4,3
2,Vogue,Madonna,Electronic,1990,F# Major,116,88,74,-6.45,42,33,5:16,0,4
3,I’ve Been Thinking About You,Londonbeat,Electronic,1990,B Minor,114,66,68,-12.70,7,90,3:50,2,4
4,Ice Ice Baby,Vanilla Ice,Hip-Hop,1990,D Major,116,54,98,-16.04,10,68,4:14,3,6
5,U Can’t Touch This,MC Hammer,Pop,1990,B Minor,133,52,87,-13.22,9,87,4:17,0,9
6,It Must Have Been Love,Roxette,Pop Rock,1990,F Major,81,65,52,-6.66,26,72,4:19,34,3
7,Blaze Of Glory ,Jon Bon Jovi,Rock,1990,G Major,79,62,55,-9.82,9,43,5:35,6,3
8,Black Velvet,Alannah Myles,Pop Rock,1989,G# Major,91,37,75,-10.07,11,47,4:37,27,3
9,The Power,Snap,Electronic,1990,C Major,109,88,74,-7.69,34,71,5:44,4,6
10,All Around The World,Lisa Stansfield,Electronic,1989,C# Major,101,73,66,-10.56,10,65,4:21,33,12
,1991,,,,,,,,,,,,,
1,(Everything I Do) I Do It For You,Bryan Adams,Pop Rock,1991,C# Major,131,49,53,-7.41,7,28,6:33,7,3
2,Black Or White,Micheal Jackson,Pop,1991,A Major,115,90,52,-3.75,7,87,4:14,17,9
3,Losing My Religion,REM,Alternative,1991,A Minor,126,86,67,-5.05,10,80,4:28,18,3
4,Joyride,Roxette,Pop Rock,1991,D Major,102,77,63,-5.32,48,73,4:23,5,3
5,Sadeness,Enigma,Electronic,1990,G Major,96,48,61,-13.68,10,51,4:14,9,4
6,More Than Words,Extreme,Metal,1990,F# Major,92,13,63,-14.90,11,24,5:37,47,3
7,I’m Too Sexy,Right Said Fred,R&B,1992,A Major,122,82,66,-12.11,20,83,2:50,0,5
8,Gonna Make You Sweat (Everybody Dance Now),C&C Music Factory,Electronic,1990,F# Major,113,79,56,-9.13,19,80,4:04,0,10
9,Wind Of Charge,Scorpions,Metal,1991,C Major,152,52,45,-10.11,10,25,5:12,32,4
10,Rush Rush,Paula Abdul,R&B,1991,E Major,90,50,70,-10.04,11,26,4:52,68,4
,1992,,,,,,,,,,,,,
1,I Will Always Love You,Whitney Houston,Electronic,1992,E Major,68,21,33,-12.52,8,11,4:31,85,3
2,End Of The Road,Boyz II Men,Hip-Hop,1991,F Minor,75,42,64,-9.30,6,48,5:51,7,2
3,Smells Like Teen Spirit,Nirvana,Pop Rock,1991,C# Major,117,91,50,-4.56,11,72,5:01,0,6
4,Tears In Heaven,Eric Clapton,Film OST,1992,A Major,154,24,50,-12.24,13,31,4:31,84,3
5,To Be With You,Mr Big,Metal,1991,E Major,83,28,69,-13.58,13,48,3:28,36,6
6,Jump,Kriss Kross,Hip-Hop,1992,D Major,102,79,73,-9.48,34,49,3:16,0,13
7,Rhythm Is A Dancer,Snap,Electronic,1992,A Minor,124,65,76,-14.92,9,86,5:32,21,3
8,Under The Bridge,Red Hot Chilli Peppers,Metal,1991,E Major,84,49,55,-8.05,14,51,4:24,2,5
9,Don’t Let The Sun Go Down On Me,George Micheal & Elton John,Electronic,1974,C Major,136,55,43,-8.10,47,25,5:46,50,3
10,This Used To Be My Playground,Madonna,Pop,1992,G Minor,76,31,50,-11.69,12,7,5:10,75,3
,1993,,,,,,,,,,,,,
1,Can’t Help Falling In Love,UB40,Reggae,1993,D Major,172,84,64,-8.61,14,83,3:27,4,4
2,I'd Do Anything For Love (But I Won’t Do That),Meat Loaf,Metal,1993,D Major,105,67,42,-6.35,41,30,5:16,62,9
3,Informer,Snow,Reggae,1993,C# Minor,98,92,64,-3.46,42,37,4:16,1,9
4,All That She Wants,Ace Of Base,Disco,1992,B Major,94,63,80,-9.69,10,86,3:31,1,5
5,That’s The Way Love Goes,Janet Jackson,R&B,1993,F Major,98,82,67,-6.83,8,61,4:26,14,6
6,Please Forgive Me,Bryan Adams,Rock,1993,A Major,67,39,55,-7.88,11,12,5:12,53,3
7,What’s Up,Four Non Blondes,Pop Rock,1992,D Major,134,56,57,-10.04,11,45,4:55,16,3
8,Mr Vain,Culture Beat,Jazz,1993,A Minor,133,100,68,-7.95,33,40,5:36,5,4
9,What Is Love?,Haddaway,Electronic,1992,G Minor,124,77,68,-7.91,20,74,4:30,2,3
10,The River Of Dreams,Billy Joel,Pop Rock,1993,G Major,90,75,63,-8.15,7,44,4:05,21,6
,1994,,,,,,,,,,,,,
1,The Sign,Ace Of Base,Pop,1993,E Minor,97,79,81,-6.90,6,90,3:11,1,4
2,I Swear,All 4-One,R&B,1994,F# Minor,83,83,53,-9.66,12,23,3:59,24,2
3,Streets Of Philadelphia,Bruce Springsteen,Pop Rock,1994,F Major,94,25,74,-15.45,9,47,3:16,38,3
4,All For Love,"Bryan Adams, Rod Stewart & Sting",Pop Rock,1993,D Major,75,53,51,-6.89,9,13,4:42,20,3
5,Without You,Mariah Carey,Pop,1993,F# Major,122,50,50,-9.40,6,16,3:35,34,4
6,I’ll Make Love To You,Boyz II Men,Electronic,1994,D Major,143,50,57,-8.04,10,20,3:56,10,2
7,Love Is All Around,Wet Wet Wet,Pop Rock,1994,Bb Major,170,67,44,-7.70,21,60,4:06,26,3
8,Always,Bon Jovi,Metal,1994,E Major,141,66,38,-5.56,8,33,5:53,12,3
9,All I Wanna Do,Sheryl Crow,Rock,1993,A Major,120,76,80,-4.93,36,93,4:05,15,3
10,Cotton Eye Joe,Rednex ,Country,1994,A Major,132,94,73,-7.54,4,60,3:14,1,8
,1995,,,,,,,,,,,,,
1,Gangsta’s Paradise,Coolio,Hip-Hop,1995,G# Major,80,51,65,-10.05,40,39,4:00,7,6
2,Back For Good,Take That,Electronic,1995,F Major,79,50,60,-9.76,14,56,4:02,31,3
3,Have You Ever Really Loved A Woman?,Bryan Adams,Pop Rock,1995,G Major,146,48,57,-10.19,9,36,4:51,54,3
4,One Sweet Day,Mariah Carey & Boyz II Men,R&B,1995,C# Major,128,50,57,-8.96,8,30,4:41,35,3
5,Waterfalls,TLC,Hip-Hop,1994,C# Major,172,51,77,-7.35,8,76,4:39,31,8
6,Fantasy,Mariah Carey,R&B,1995,G Major,102,73,67,-7.59,12,81,4:03,14,4
7,You Are Not Alone,Micheal Jackson,Hip-Hop,1995,B Major,120,40,65,-9.30,8,26,5:44,64,3
8,Kiss From A Rose,Seal,Pop,1994,Bb Minor,132,53,58,-7.11,31,22,4:48,68,3
9,Boombastic,Shaggy,Reggae,1995,D Major,159,79,86,-8.08,33,76,2:02,24,28
10,Take A Bow ,Madonna,Electronic,1994,G# Major,80,37,57,-8.85,7,31,5:20,42,3
,1996,,,,,,,,,,,,,
1,Wanna Be,Spice Girls,Electronic,1996,B Major,110,86,77,-6.15,16,89,2:52,10,3
2,Macarena,Los Del Rio,Latin,1995,C# Major,103,87,74,-8.59,9,95,3:53,25,5
3,Killing Me Softly With His Song,The Fugees,Hip-Hop,1996,E Minor,92,29,77,-17.12,57,51,4:58,3,14
4,Because You Love Me,Celine Dion,Pop,1996,C# Major,120,47,62,-9.88,10,18,4:33,31,3
5,Un-Break My Heart,Toni Braxton,R&B,1993,D Minor,110,43,63,-8.40,12,11,4:30,41,3
6,Missing,Everything But The Girl,Electronic,1994,A Minor,123,72,72,-9.39,5,65,3:56,2,3
7,Wonderwall,Oasis,Alternative,1995,D Major,175,85,41,-5.61,13,46,4:19,0,4
8,Children,Robert Miles,Electronic,1996,C Major,137,81,60,-10.05,47,18,7:06,0,3
9,Ironic,Alanis Morissette,Pop Rock,1995,B Major,115,58,41,-8.31,16,37,3:50,22,5
10,One Of Us,Joan Osborne,Pop Rock,1995,A Major,175,50,32,-7.90,13,40,5:18,1,3
,1997,,,,,,,,,,,,,
1,Candle In The Wind ‘97,Elton John,Pop Rock,1997,E Major,126,31,45,-8.18,17,37,4:10,98,3
2,I’ll Be Missing You,P Diddy & Faith Evans,Hip-Hop,1997,G Major,110,48,86,-9.20,59,92,5:01,5,6
3,Mmmbop,Hanson,Pop,1997,D Major,108,98,59,-4.11,89,35,4:28,7,8
4,Don't Speak,No Doubt,Reggae,1995,F Minor,76,71,52,-7.11,16,57,4:23,24,4
5,Barbie Girl,Aqua,Electronic,1997,C# Minor,130,88,81,-11.00,37,96,3:17,2,4
6,I Believe I Can Fly,R Kelly,Hip-Hop,1997,G Major,120,44,55,-7.59,19,4,5:20,24,3
7,Men In Black,Will Smith,Hip-Hop,1997,F Minor,108,58,80,-8.49,10,66,3:47,10,7
8,Tubthumping,Chumbawamba,Pop Rock,1997,D Major,208,94,39,-8.08,47,62,3:54,9,18
9,Something About The Way You Look Tonight,Elton John,Pop Rock,1997,F# Major,143,63,48,-7.64,8,54,4:00,17,3
10,Discotheque,U2,Pop,1997,E Minor,120,81,58,-9.67,10,63,5:18,0,4
,1998,,,,,,,,,,,,,
1,My Heart Will Go On,Celine Dion,Pop,1996,E Major,99,35,35,-9.01,15,4,4:40,71,3
2,Believe,Cher,Electronic,1998,F# Major,133,92,65,-6.72,5,46,3:59,1,5
3,I Don’t Want To Miss A Thing,Aerosmith,Pop Rock,1998,D Major,121,65,38,-5.16,25,14,4:58,17,3
4,The Boy Is Mine,Brandy & Monica,R&B,1998,C# Minor,93,71,70,-6.54,32,76,4:00,54,4
5,Truly Madly Deeply,Savage Garden,Dance,1997,C Major,84,71,61,-8.88,8,81,4:39,42,3
6,Frozen,Madonna,Electronic,1998,C# Major,108,62,60,-10.92,15,31,6:07,66,4
7,Torn,Natalie Imbruglia,Pop Rock,1997,F Major,96,93,56,-3.04,70,60,4:04,7,4
8,Iris,The Goo Goo Dolls,Pop Rock,1998,B Minor,156,72,32,-8.07,9,50,4:49,0,4
9,Together Again,Janet Jackson,House,1997,C Major,123,70,86,-7.39,6,42,4:16,8,9
10,Never Ever,All Saints,Electronic,1997,C# Major,134,54,74,-5.49,5,31,6:27,58,3
,1999,,,,,,,,,,,,,
1,Baby One More Time,Britney Spears,Electronic,1999,C Minor,93,70,76,-5.75,44,91,3:30,20,3
2,Livin’ La Vida Loca,Ricky Martin,Electronic,1999,C# Minor,178,95,43,-3.76,6,93,4:03,0,5
3,Mambo No 5 (A Little Bit Of…),Lou Bega,Electronic,1999,F Minor,174,86,71,-7.26,33,78,5:17,5,30
4,Smoot,Rob Thomas & Santana,R&B,1999,A Major,116,92,61,-3.91,30,96,4:54,16,3
5,No Scrubs,TLC,Hip-Hop,1999,G# Minor,93,68,74,-4.27,7,59,3:34,3,10
6,Blue (Da Ba Dee),Eiffel 65,Electronic,1998,G Minor,128,97,83,-11.50,47,73,3:40,23,6
7,I Want It That Way,The Backstreet Boys,Electronic,1999,F# Minor,99,78,67,-4.13,18,47,3:33,16,3
8,Genie In A Bottle,Christina Aguilera,Electronic,1999,C# Major,176,79,64,-6.97,15,92,3:37,19,15
9,If You Had My Love,Jennifer Lopez,Electronic,1999,B Minor,94,63,68,-7.00,11,81,4:26,6,4
10,Pretty Fly (For A White Guy),Offspring,Rock,1998,B Minor,143,90,72,-3.71,7,96,3:08,9,10
,2000,,,,,,,,,,,,,
1,Music,Madonna,Electronic,2000,G Major,120,80,74,-8.53,14,87,3:45,0,7
2,Oops!... I Did It Again,Britney Spears,Electronic,2000,C# Minor,95,83,75,-5.44,36,89,3:31,30,4
3,American Pie,Madonna,Electronic,2000,F Minor,124,73,63,-7.48,14,59,4:27,35,4
4,Shape Of My Heart,Backstreet Boys,Electronic,2000,A Major,96,79,58,-4.35,16,52,3:52,25,3
5,It's My Life,Bon Jovi,Pop Rock,2000,C Minor,120,93,55,-3.03,37,53,3:44,3,5
6,Maria Maria,Santana & The Product G&B,R&B,1999,D Major,98,60,78,-5.93,3,68,4:21,4,4
7,Breathless,The Corrs,Pop Rock,2000,B Major,127,82,61,-7.75,27,77,3:27,5,6
8,Born To Make You Happy,Britney Spears,Electronic,1999,B Minor,84,92,63,-4.84,7,69,4:03,12,5
9,What A Girl Wants,Christina Aguilera,Electronic,1999,C Major,142,82,75,-6.83,35,82,3:55,7,11
10,Show Me The Meaning Of Being Lonely,Backstreet Boys,Electronic,1999,F# Minor,168,63,63,-5.09,8,68,4m 4s,23,3
,2001,,,,,,,,,,,,,
1,Can't Get You Out Of My Head,Kylie Minogue,Electronic,2001,A Minor,126,56,77,-7.52,12,96,3:50,3,3
2,Lady Marmalade,Aguilera/Lil' Kim/Mya/Pink,Pop,2001,F Major,110,81,75,-3.68,65,64,4:27,2,6
3,It Wasn't Me,Shaggy &. Rikrok,Reggae,2000,C Major,95,60,85,-4.59,33,66,3:49,5,7
4,Survivor,Destiny's Child,Pop Rock,1982,C Minor,109,44,82,-14.52,8,55,3;46,22,3
5,All For You,Janet Jackson,Electronic,2001,D Major,114,88,77,-4.68,29,78,6:32,1,9
6,Independent Women Pt.1,Destiny's Child,Hip-Hop,1999,F# Minor,98,55,52,-5.63,38,94,3:41,32,33
7,You Rock My World,Michael Jackson,Pop,2001,E Minor,95,71,82,-3.64,8,94,5:38,3,10
8,Ain't It Funny,Jennifer Lopez,Electronic,2001,C Minor,100,87,71,-4.51,14,57,4:05,8,5
9,Don't Tell Me,Madonna,Electronic,2000,G Major,100,62,70,-7.34,9,68,4:40,5,6
10,Bootylicious,Destiny's Child,R&B,2001,C# Minor,103,84,84,-4.39,15,64,3:27,0,28
,2002,,,,,,,,,,,,,
1,Hero,Enrique Iglesias,Latin,2001,G Major,76,62,56,-6.17,10,16,4:24,13,4
2,Lose Yourself,Eminem,Hip-Hop,2002,D Major,171,74,69,-4.57,36,6,5:26,1,26
3,Dilemma,Nelly &. Kelly Rowland,Hip-Hop,2002,D Minor,168,55,73,-8.07,20,61,4:49,23,14
4,A Moment Like This,Kelly Clarkson,Pop,2002,G# Major,145,57,41,-3.92,12,16,3:48,16,3
5,"Whenever, Wherever",Shakira,Latin,2001,C# Minor,108,83,79,-4.86,20,87,3:16,24,4
6,Without Me,Eminem,Hip-Hop,2002,G Major,112,66,91,-2.81,35,64,4:50,0,7
7,The Ketchup Song,Las Ketchup,Reggae,2002,C# Major,185,95,60,-5.64,12,88,3:30,1,12
8,Complicated,Avril Lavigne,Pop Rock,2002,F Major,78,78,59,-5.90,30,43,4:04,6,5
9,How You Remind Me,Nickelback,Alternative,2001,Bb Major,172,76,45,-5.04,10,54,3:43,0,3
10,Get The Party Started,Pink,Pop,2001,B Minor,129,90,80,-3.27,17,96,3:12,0,5
,2003,,,,,,,,,,,,,
1,In Da Club,50 Cent,Hip-Hop,2003,F# Minor,90,72,90,-2.78,7,81,3:13,26,35
2,Crazy In Love,Beyoncé &. Jay-Z,R&B,2003,D Minor,99,77,65,-6.60,7,68,3:56,0,23
3,Where Is The Love?,The Black Eyed Peas,Hip-Hop,2003,F Major,94,70,83,-3.22,13,80,4:33,11,20
4,Bring Me To Life,Evanescence &. Paul McCoy,Metal,2003,E Minor,95,94,33,-3.19,24,30,3:55,1,7
5,Breathe,Blu Cantrell &. Sean Paul,Hip-Hop,2003,D Major,92,66,80,-3.83,25,47,3:48,5,3
6,Beautiful,Christina Aguilera,Pop,2002,F Minor,76,57,46,-3.87,11,10,3:58,58,3
7,All The Things She Said,t.A.T.u.,Pop,2002,F Minor,180,83,52,-5.78,10,42,3:34,3,4
8,Ignition (Remix),R. Kelly,Hip-Hop,2003,C# Major,133,52,80,-7.17,9,86,3:06,6,4
9,Hey Ya!,OutKast,Hip-Hop,2002,C Major,80,97,72,-2.21,21,96,3:56,6,6
10,Milkshake,Kelis,Hip-Hop,2003,C# Major,113,77,89,-6.11,16,83,3:02,1,4
,2004,,,,,,,,,,,,,
1,This Love,Maroon 5,Pop Rock,2002,F Minor,95,86,71,-4.61,9,81,3:26,5,4
2,Yeah!,"Usher, Lil Jon & Ludacris",Hip-Hop,2004,D Major,105,69,87,-7.25,16,63,4:12,5,12
3,Hey Ya!,OutKast,Hip-Hop,2002,C Major,80,97,72,-2.21,21,96,3:56,6,6
4,The Reason,Hoobastank,Alternative,2003,E Major,83,64,47,-4.67,16,8,3:52,1,3
5,Toxic,Britney Spears,Electronic,2003,F Minor,143,84,77,-3.95,25,92,3:18,3,11
6,I Don't Wanna Know,"Mario Winans, Enya & P.Diddy",R&B,2004,B Minor,97,52,83,-5.00,12,40,4:17,35,5
7,It's My Life,No Doubt,Reggae,2003,G# Minor,126,75,61,-4.54,32,77,3:45,0,3
8,Shut Up,Black Eyed Peas,Hip-Hop,2003,D Major,113,72,80,-3.96,25,57,4:56,6,27
9,My Immortal,Evanescence,Metal,2003,A Major,79,27,19,-9.21,13,10,4:22,86,4
10,Left Outside Alone,Anastacia,Latin,2004,D Minor,103,75,66,-3.57,9,32,4:17,9,3
,2005,,,,,,,,,,,,,
1,We Belong Together,Mariah Carey,R&B,2004,C Major,140,47,84,-7.98,9,79,3:21,3,6
2,Hung Up,Madonna,Electronic,2005,Bb Major,125,71,62,-6.83,7,62,3:22,0,4
3,Don't Cha,Pussycat Dolls &. Busta Rhymes,R&B,2005,C# Minor,120,64,88,-3.49,10,57,4:32,1,10
4,Gold Digger,Kanye West &. Jamie Foxx,Hip-Hop,2005,C# Minor,93,70,63,-5.57,6,62,3:27,2,35
5,You're Beautiful,James Blunt,Folk,2004,C Minor,82,48,68,-9.87,9,45,3:29,63,3
6,Hollaback Girl,Gwen Stefani,Alternative,2004,Bb Minor,110,92,93,-2.23,3,88,3:19,35,10
7,Let Me Love You,Mario,R&B,2004,G Minor,95,58,66,-8.97,12,56,4:16,24,9
8,Pon De Replay,Rihanna,Hip-Hop,2005,G Major,99,64,78,-8.42,10,50,4:06,0,16
9,Feel Good Inc.,Gorillaz,Hip-Hop,2005,F# Major,139,71,82,-6.68,61,77,3:42,1,18
10,Since U Been Gone,Kelly Clarkson,Pop Rock,2004,C Major,131,74,66,-5.41,11,40,3:08,0,3
,2006,,,,,,,,,,,,,
1,Hips Don't Lie,Shakira & Wyclef Jean,Electronic,2005,Bb Minor,100,82,78,-5.89,41,76,3:40,28,7
2,Irreplaceable,Beyoncé,Hip-Hop,2006,G Minor,176,69,45,-4.64,17,51,3:47,3,38
3,SexyBack,Justin Timberlake,R&B,2006,G Minor,117,60,97,-5.66,5,96,4:04,7,7
4,Crazy,Gnarls Barkley,Funk,2006,C Minor,112,39,86,-12.11,9,63,2:59,3,4
5,Temperature,Sean Paul,Hip-Hop,2005,C Minor,125,60,95,-4.68,7,82,3:36,11,7
6,Promiscuous,Nelly Furtado & Timbaland,Pop,2005,Bb Minor,114,97,81,-6.06,15,88,4:02,5,5
7,I Don't Feel Like Dancin',Scissor Sisters,Pop Rock,2006,G Major,108,92,71,-3.39,34,84,4:48,2,3
8,Smack That,Akon &  Eminem,Hip-Hop,2006,F Minor,119,74,94,-5.17,11,92,3:32,32,5
9,SOS,Rihanna,R&B,2005,G Major,137,67,68,-4.91,41,53,3:59,0,4
10,Ain't No Other Man,Christina Aguilera,R&B,2006,G Major,128,74,86,-4.72,10,51,3:47,0,22
,2007,,,,,,,,,,,,,
1,Umbrella,Rihanna &. Jay-Z,R&B,2007,C# Major,174,83,59,-4.60,4,58,4:35,1,12
2,Big Girls Don't Cry,Fergie,Hip-Hop,2006,G Major,113,64,71,-4.30,9,25,4:28,21,3
3,Apologize,Timbaland &. OneRepublic,Hip-Hop,2007,G# Major,118,60,66,-6.01,10,8,3:04,4,3
4,Beautiful Girls,Sean Kingston,Hip-Hop,2007,C# Minor,130,66,76,-6.08,26,77,3:45,15,7
5,Girlfriend,Avril Lavigne,Pop,2007,G Major,164,96,55,-1.85,20,58,3:36,0,10
6,No One,Alicia Keys,R&B,2007,C# Minor,90,55,64,-5.42,15,15,4:13,3,3
7,Don't Stop The Music,Rihanna,R&B,2007,F# Minor,123,36,83,-19.54,30,69,4:27,9,7
8,Beautiful Liar,Beyoncé & Shakira,Pop,2006,G# Major,92,76,76,-3.93,17,38,3:19,1,7
9,Say It Right,Nelly Furtado,Pop,2006,C# Major,117,85,86,-6.66,6,76,3:43,5,18
10,Stronger,Kanye West,Hip-Hop,2007,C# Major,104,70,58,-9.48,30,48,5:11,0,12
,2008,,,,,,,,,,,,,
1,Bleeding Love,Leona Lewis,Pop,2007,F Major,104,67,64,-5.29,15,20,4:22,17,3
2,Just Dance,Lady GaGa &. Colby O'Donis,Pop,2008,C# Minor,119,74,82,-4.54,18,75,4:01,3,3
3,I Kissed A Girl,Katy Perry,Pop,2008,F Major,130,76,70,-3.17,13,70,2:59,0,7
4,Low,Flo Rida &. T-Pain,Hip-Hop,2007,Bb Minor,128,61,92,-5.64,14,30,3:51,9,8
5,Viva La Vida,Coldplay,Alternative,2008,F Minor,138,62,49,-7.12,11,42,4:02,10,3
6,So What,Pink,Electronic,2008,B Minor,126,87,53,-3.08,24,46,3:35,0,4
7,Take A Bow,Rihanna,R&B,2007,A Major,82,47,70,-7.54,9,57,3:49,25,7
8,Hot N Cold,Katy Perry,Pop,2008,G Major,132,84,71,-3.96,7,86,3:30,0,4
9,Four Minutes,Madonna &. Justin Timberlake,Pop,2008,D Major,113,93,75,-4.92,23,77,3:09,1,7
10,All Summer Long,Kid Rock,Hip-Hop,2007,G Major,103,86,70,-3.63,10,89,4:57,1,2
,2009,,,,,,,,,,,,,
1,Boom Boom Pow,The Black Eyed Peas,Hip-Hop,2009,A Major,130,86,86,-5.90,13,41,4:11,13,7
2,Poker Face,Lady GaGa,Pop,2008,E Major,119,81,85,-4.62,12,79,3:57,12,8
3,I Gotta Feeling,The Black Eyed Peas,Pop,2008,C Major,128,84,74,-4.71,4,55,4:49,3,3
4,Bad Romance,Lady GaGa,Electronic,2009,C Major,119,92,70,-3.76,8,71,4:54,0,4
5,Sexy Chick,David Guetta &. Akon,Electronic,2009,B Minor,130,56,81,-7.69,11,80,3:14,8,5
6,Right Round,Flo Rida &. Ke$ha,Hip-Hop,2009,G Major,125,67,72,-6.85,23,71,3:24,1,6
7,Halo,Beyoncé,Hip-Hop,2008,B Minor,80,72,51,-5.91,6,47,4:21,27,6
8,Single Ladies,Beyoncé,Pop,2008,C# Major,193,58,43,-5.29,19,27,3:13,4,30
9,Meet Me Halfway,The Black Eyed Peas,Hip-Hop,2009,B Minor,130,63,80,-6.84,30,39,4:44,0,9
10,Empire State Of Mind,Jay-Z &. Alicia Keys,R&B,2009,B Major,174,96,50,-1.53,27,82,4:36,3,38
,2010,,,,,,,,,,,,,
1,Love The Way You Lie,Eminem &. Rihanna,Hip-Hop,2010,Bb Major,87,93,75,-5.03,52,64,4:23,24,23
2,California Gurls,Katy Perry &. Snoop Dogg,Pop,2010,C Major,125,75,79,-4.26,22,43,3:53,0,5
3,Tik Tok,Ke$ha,Pop,2009,D Minor,120,84,76,-2.72,29,71,3:19,10,14
4,Rude Boy,Rihanna,Pop,2009,B Major,174,75,56,-4.50,8,81,3:42,11,13
5,Just The Way You Are,Bruno Mars,Hip-Hop,2010,F Major,109,84,64,-5.38,6,42,3:40,1,4
6,OMG,Usher &. will.i.am,R&B,2010,E Minor,130,75,78,-5.81,36,33,4:29,20,3
7,Only Girl (In The World),Rihanna,Pop,2010,B Minor,126,71,79,-4.23,6,64,3:55,11,4
8,The Time (Dirty Bit),Black Eyed Peas,Hip-Hop,2010,F# Minor,128,81,82,-7.80,60,44,5:07,7,7
9,Telephone,Lady GaGa &. Beyoncé,Electronic,2009,Eb Major,122,84,82,-5.90,11,72,3:40,1,4
10,Not Afraid,Eminem,Hip-Hop,2010,C Minor,115,95,86,-1.19,21,68,4:10,53,24
,2011,,,,,,,,,,,,,
1,Rolling In The Deep,Adele,Pop,2011,G# Major,105,77,73,-5.11,5,51,3:48,14,3
2,Someone Like You,Adele,Pop,2011,A Major,135,32,55,-8.25,10,29,4:45,89,3
3,Party Rock Anthem,LMFAO &. Lauren Bennett & GoonRock,Electronic,2010,F Minor,130,74,75,-4.17,27,35,4:24,2,16
4,We Found Love,Rihanna &. Calvin Harris,Dance,2011,C# Major,128,77,74,-4.49,11,60,3:36,3,4
5,Grenade,Bruno Mars,Pop,2011,D Minor,98,39,64,-6.31,9,36,4:06,82,3
6,Moves Like Jagger,Maroon 5 &. Christina Aguilera,Pop,2010,B Minor,128,76,72,-4.48,31,62,3:21,1,5
7,Born This Way,Lady GaGa,Pop,2011,B Major,124,83,59,-5.10,33,51,4:20,0,15
8,On The Floor,Jennifer Lopez &. Pitbull,Dance,2011,Eb Minor,130,78,73,-5.20,7,59,4:44,11,5
9,Give Me Everything,"Pitbull &. Ne-Yo, Afrojack & Nayer",Dance,2011,G# Major,129,93,67,-3.23,11,52,4:12,18,17
10,Firework,Katy Perry,Pop,2010,G# Major,124,83,64,-5.04,11,65,3:47,14,5
,2012,,,,,,,,,,,,,
1,Somebody That I Used To Know,Gotye &. Kimbra,Pop,2011,C Major,129,22,85,-19.66,11,78,4:04,50,4
2,Call Me Maybe,Carly Rae Jepsen,Pop,2012,G Major,120,58,78,-6.55,11,66,3:13,1,4
3,Gangnam Style,PSY,K-Pop,2012,B Minor,132,94,73,-2.87,9,75,3:39,0,29
4,We Are Young,fun. &. Janelle Monáe,Alternative,2011,Bb Major,184,64,38,-5.58,8,74,4:10,2,8
5,Diamonds,Rihanna,Pop,2012,B Minor,92,67,55,-6.04,14,41,3:45,0,4
6,Payphone,Maroon 5 &. Wiz Khalifa,Pop,2012,E Major,110,76,74,-4.83,37,52,3:51,1,4
7,Locked Out Of Heaven,Bruno Mars,Pop,2012,F Major,144,70,73,-4.13,28,87,3:53,6,5
8,Whistle,Flo Rida,Hip-Hop,2012,C Major,104,94,75,-5.75,29,74,3:45,2,5
9,Skyfall,Adele,Film OST,2012,C Minor,76,55,35,-6.86,11,8,4:46,42,3
10,Good Feeling,Flo Rida,Dance,2011,C# Minor,128,89,71,-4.44,31,68,4:08,6,7
,2013,,,,,,,,,,,,,
1,Blurred Lines,Robin Thicke &. T.I. & Pharrell,Pop,2013,G Major,120,60,85,-4.76,8,84,4:23,0,4
2,Thrift Shop,Macklemore & Ryan Lewis &. Wanz,Hip-Hop,2012,F# Minor,95,53,78,-6.99,5,67,3:55,6,29
3,Wake Me Up,Avicii,Electronic,2013,D Major,124,78,53,-5.70,16,64,4:06,0,5
4,Roar,Katy Perry,Pop,2013,G Minor,90,78,67,-4.38,49,44,3:43,1,3
5,Royals,Lorde,Alternative,2013,G Major,85,14,75,-24.75,12,20,4:03,13,10
6,Get Lucky,Daft Punk &. Pharrell Williams,Electronic,2013,F# Minor,116,79,81,-9.40,7,86,6:09,4,4
7,Wrecking Ball,Miley Cyrus,Pop,2013,F Major,120,42,53,-6.26,11,35,4:41,41,3
8,Just Give Me A Reason,Pink &. Nate Ruess,Pop,2012,D Major,95,45,78,-11.69,12,51,4:03,40,5
9,The Monster,Eminem &. Rihanna,Hip-Hop,2013,C# Minor,110,85,78,-3.68,12,62,4:10,5,7
10,Mirrors,Justin Timberlake,Dance,2013,F Minor,77,51,57,-6.66,9,51,8:04,23,5
,2014,,,,,,,,,,,,,
1,Happy,Pharrell Williams,Pop,2014,F Minor,160,82,65,-4.66,9,96,3:53,22,18
2,All About That Bass,Meghan Trainor,Dance,2014,A Major,134,88,81,-3.72,11,96,3:07,5,5
3,Stay With Me,Sam Smith,Pop,2014,C Major,84,42,42,-6.44,11,18,2:52,59,11
4,Shake It Off,Taylor Swift,Pop,2014,G Major,160,79,65,-5.41,15,94,3:39,6,15
5,Rather Be,Clean Bandit &. Jess Glynne,Dance,2010,B Major,121,59,80,-6.74,19,55,3:47,16,4
6,Thinking Out Loud,Ed Sheeran,Pop,2013,D Major,79,45,78,-6.06,18,59,4:41,47,3
7,Timber,Pitbull &. Ke$ha,Electronic,2012,B Major,130,97,59,-4.11,15,80,4:28,3,10
8,Problem,Ariana Grande &. Iggy Azalea,Pop,2014,C# Minor,103,81,66,-5.35,16,63,3:13,2,15
9,Bang Bang,"Jessie J, Ariana Grande & Nicki Minaj",Dance,2014,C Minor,150,75,70,-4.45,40,70,3:19,28,9
10,Hey Brother,Avicii,Electronic,2013,G Minor,125,78,55,-4.87,8,46,4:17,3,4
,2015,,,,,,,,,,,,,
1,Uptown Funk,Mark Ronson &. Bruno Mars,Electronic,2014,C Major,115,61,86,-7.22,3,93,4:29,1,8
2,Hello,Adele,Pop,2015,F Minor,79,43,58,-6.13,9,29,4:55,33,3
3,See You Again,Wiz Khalifa &. Charlie Puth,Hip-Hop,2015,Bb Major,80,48,69,-7.50,6,28,3:49,37,8
4,Love Me Like You Do,Ellie Goulding,Pop,2015,G# Major,190,61,26,-6.65,13,28,4:12,25,5
5,Sorry,Justin Bieber,Pop,2015,C Minor,100,76,65,-3.67,30,41,3:20,8,5
6,What Do You Mean?,Justin Bieber,Pop,2015,F Minor,125,57,85,-8.12,8,79,3:28,59,10
7,Cheerleader,OMI,Electronic,2014,E Major,100,74,86,-4.32,18,94,2:54,21,3
8,Can't Feel My Face,The Weeknd,R&B,2015,A Minor,108,78,71,-5.53,9,60,3:33,12,4
9,Lean On,Major Lazer & DJ Snake &. MØ,Electronic,2015,G Minor,98,79,71,-4.60,49,31,2:56,0,6
10,Bad Blood,Taylor Swift &. Kendrick Lamar,Pop,2015,B Minor,170,66,65,-7.39,14,22,3:20,3,11
,2016,,,,,,,,,,,,,
1,One Dance,Drake &. Wizkid & Kyla,Hip-Hop,2016,C# Major,104,63,79,-5.61,33,37,2:53,1,5
2,Cheap Thrills,Sia &. Sean Paul,Pop,2016,F# Minor,90,80,59,-4.93,8,73,3:44,6,22
3,Love Yourself,Justin Bieber,Pop,2015,E Major,100,38,61,-9.83,28,52,3:53,84,44
4,Closer,The Chainsmokers &. Halsey,Electronic,2016,G# Major,95,52,75,-5.60,11,66,4:04,41,3
5,Can't Stop The Feeling,Justin Timberlake,Film OST,2016,C Major,113,83,67,-5.72,19,70,3:56,1,8
6,Don't Let Me Down,The Chainsmokers &. Daya,Electronic,2016,B Major,160,87,53,-5.09,14,42,3:28,16,17
7,Seven Years,Lukas Graham,Pop,2015,Bb Major,120,47,77,-5.83,39,34,3:57,29,5
8,Cold Water,Major Lazer &. Justin Bieber & MØ,Electronic,2016,F# Minor,93,80,61,-5.09,16,50,3:05,7,4
9,Work,Rihanna &. Drake,Pop,2016,B Major,92,53,73,-6.24,9,56,3:39,8,9
10,Pillow Talk,Zayn,Pop,2016,B Major,125,70,58,-4.28,9,44,3:22,12,5
,2017,,,,,,,,,,,,,
1,Shape Of You,Ed Sheeran,Pop,2017,C# Minor,96,65,83,-3.18,9,93,3:53,58,8
2,Despacito,Luis Fonsi & Daddy Yankee &. Bieber,Latin,2017,D Major,178,82,65,-4.35,10,82,3:48,23,17
3,Rockstar,Post Malone &. 21 Savage,Hip-Hop,2018,F Minor,160,52,59,-6.14,13,13,3:38,12,7
4,That's What I Like,Bruno Mars,Pop,2016,C# Major,134,56,85,-4.96,9,86,3:25,1,4
5,Look What You Made Me Do,Taylor Swift,Pop,2017,A Minor,128,71,77,-6.47,13,51,3:31,20,12
6,Humble.,Kendrick Lamar,Hip-Hop,2017,C# Minor,150,62,91,-6.64,10,42,2:57,0,10
7,New Rules,Dua Lipa,Pop,2015,A Minor,116,70,76,-6.02,15,61,3.29,0,7
8,Wild Thoughts,DJ Khaled &. Rihanna & Bryson Tiller,Hip-Hop,2017,G# Major,97,68,60,-3.10,13,64,3:24,3,8
9,I Feel It Coming,The Weeknd &. Daft Punk,Electronic,2016,C Minor,93,81,77,-5.93,9,56,4:29,42,12
10,Stay,Zedd & Alessia Cara,Electronic,2012,G# Major,128,74,60,-3.11,9,46,3:37,11,4
,2018,,,,,,,,,,,,,
1,God's Plan,Drake,Hip-Hop,2018,G Major,77,45,75,-9.21,55,36,3:18,3,11
2,Perfect,Ed Sheeran,Pop,2017,G# Major,95,45,60,-6.31,11,17,4:23,16,2
3,In My Feelings,Drake,Hip-Hop,2013,C# Major,91,63,84,-5.83,40,35,3:37,6,13
4,Havana,Camila Cabello &. Young Thug,Dance,2018,D Major,105,52,77,-4.33,13,39,3:37,18,3
5,One Kiss,Calvin Harris & Dua Lipa,Dance,2015,A Minor,124,86,79,-3.24,8,59,3:34,4,11
6,"Thank U, Next",Ariana Grande,Pop,2018,C# Major,107,65,72,-5.63,10,41,3:27,23,7
7,Shallow,Lady GaGa & Bradley Cooper,Country,2018,G Major,96,39,57,6.36,23,32,3:35,37,3
8,This Is America,Childish Gambino,Hip-Hop,2018,F Major,120,46,85,-6.16,35,55,3:45,12,14
9,Nice For What,Drake,R&B,2018,G# Major,93,91,59,-6.47,12,76,3:30,9,7
10,Girls Like You,Maroon 5 &. Cardi B,Pop,2017,C Major,125,54,85,-6.83,13,45,3:55,57,5
,2019,,,,,,,,,,,,,
1,Old Town Road,Lil Nas X &. Billy Ray Cyrus,Alternative,2019,F# Major,136,62,88,-5.56,11,64,2:37,5,10
2,Bad Guy,Billie Eilish,Alternative,2019,G Major,135,43,70,-10.97,10,56,3:14,33,38
3,Someone You Loved,Lewis Capaldi,Alternative,2018,C# Major,110,41,50,-5.68,11,45,3:02,75,3
4,7 Rings,Ariana Grande,Pop,2019,C# Minor,140,32,78,-10.73,9,33,2:58,59,33
5,Señorita,Shawn Mendes & Camila Cabello,Pop,2018,A Minor,117,54,76,-6.04,9,75,3:10,4,3
6,Truth Hurts,Lizzo,Pop,2016,E Minor,158,62,72,-3.05,12,41,2:53,11,11
7,Dance Monkey,Tones and I,Alternative,2019,F# Minor,98,59,82,-6.40,15,51,3:29,69,9
8,I Don't Care,Ed Sheeran & Justin Bieber,Pop,2019,F# Major,102,68,80,-5.04,9,84,3:39,9,4
9,Without Me,Halsey,Alternative,2018,F# Major,136,49,75,-7.05,9,53,3:21,29,7
10,Sucker,Jonas Brothers,Pop,2019,C# Minor,138,73,84,-5.07,11,95,3:01,4,6
,2020,,,,,,,,,,,,,
1,Blinding Lights,The Weeknd,R&B,2019,C# Major,171,73,52,-5.93,9,34,3:20,0,6
2,Dynamite,BTS,K-Pop,2020,F# Minor,114,77,75,-4.41,9,74,3:19,1,10
3,Savage Love,Jawsh 685 &. Jason DeRulo,Pop,2020,C Minor,150,48,77,-8.52,27,76,2:51,23,8
4,Rockstar,DaBaby &. Roddy Rich,Hip-Hop,2020,B Major,90,69,75,-7.96,10,50,3:01,25,16
5,WAP,Cardi B &. Megan Thee Stallion,Hip-Hop,2020,C# Major,133,45,94,-7.51,8,36,3:07,2,38
6,Dákiti,Bad Bunny &. Jhay Cortez,Latin,2020,E Minor,110,57,73,-10.06,11,15,3:25,40,5
7,Rain On Me,Lady GaGa & Ariana Grande,Dance,2020,A Major,123,86,67,-3.76,32,65,3:02,2,4
8,Positions,Ariana Grande,Pop,2020,C Major,144,80,74,-4.77,9,68,2:52,47,9
9,Mood,24kGoldn &. Iann Dior,Alternative,2021,G Minor,91,72,69,-3.72,30,74,2:20,17,4
10,Therefore I Am,Billie Eilish,Alternative,2020,B Minor,94,34,89,-7.77,6,72,2:54,22,7
,2021,,,,,,,,,,,,,
1,Save Your Tears,The Weeknd,R&B,2020,C Major,118,83,68,-5.49,54,64,3:35,2,3
2,Drivers License,Olivia Rodrigo,Pop,2021,Bb Major,144,44,59,-8.76,11,13,4:04,72,6
3,Peaches,Justin Bieber &. Giveon & Daniel Caesar,Pop,2021,C Major,90,70,68,-6.18,42,46,3:18,32,12
4,Montero (Call Me By Your Name),Lil Nas X,Pop,2021,G# Minor,179,51,61,-6.68,38,76,2:17,30,15
5,On The Ground,Rosé,K-Pop,2021,C# Major,189,61,31,-6.58,13,29,2:48,2,11
6,Butter,BTS,K-Pop,2021,G# Major,110,46,76,5.19,9,70,2:44,0,9
7,Stay,Kid LAROI & Justin Bieber,Alternative,2021,C# Major,170,76,59,-5.48,10,48,2:21,4,5
8,Easy On Me,Adele,Pop,2021,F Major,142,37,60,-7.52,13,13,3:44,58,3
9,Levitating,Dua Lipa,Pop,2020,F# Minor,103,88,70,-2.28,21,91,3:23,6,8
10,Good 4 U,Olivia Rodrigo,Pop,2021,B Minor,167,57,55,-12.29,20,47,2:58,26,28
,2022,,,,,,,,,,,,,
1,As It Was ,Harry Styles,Pop,2022,F# Minor,174,73,52,-5.34,31,66,2:47,34,6
2,Easy On Me,Adele,Pop,2021,F Major,142,37,60,-7.52,13,13,3:44,58,3
3,About Damn Time,Lizzo,Dance,2022,Bb#,119,77,80,-6.64,23,89,3:38,5,12
4,Heat Waves,Glass Animals,Pop,2020,B Major,81,53,76,-6.90,9,53,3:58,44,9
5,Break My Soul,Beyonce,Dance,2022,C# Minor,115,89,69,-5.04,27,85,4:38,6,8
6,Bad Habit,Steve Lacy,R&B,2022,C# Major,169,51,69,-7.10,38,69,3:52,63,4
7,Unholy,Sam Smith & Kim Petras,Pop,2022,D Major,131,47,71,-7.38,27,24,2:36,1,9
8,We Don’t Talk About Bruno,"Carolina Gaitan, Mauro Castillo, Adassa, Rhenzy Feliz, Diane Guerrero, Stephanie Beatriz",Film OST,2021,C Minor,206,45,58,-8.52,11,83,3:36,36,8
9,First Class,Jack Harlow,Hip-Hop,2022,G# Major,107,56,91,-6.14,11,32,2:53,3,10
10,Shivers,Ed Sheeran,Pop,2020,D Major,141,86,79,-2.72,4,82,3:27,28,9
,2023,,,,,,,,,,,,,
1,Flowers,Miley Cyrus,Pop,2023,C Major,118,68,71,-4.33,3,65,3:20,6,7
2,Anti-Hero,Taylor Swift,Pop,2022,E Major,97,64,64,-6.57,14,53,3:20,13,5
3,Kill Bill,SZA,R&B,2022,G# Major,89,73,64,-5.75,16,43,2:33,5,4
4,Vampire,Oliva Rodrigo,Pop,2023,F Major,138,53,51,-5.75,31,32,3:39,17,6
5,Paint The Town Red,Doja Cat,Pop,2023,F Major,100,54,87,-8.60,9,73,3:50,27,17
6,Last Night,Morgan Wallen,Country,2023,F# Major,204,68,52,-5.38,4,52,2:43,46,4
7,Cruel Summer,Taylor Swift,Pop,2019,A Major,170,70,55,-5.71,11,-5.71,2:58,12,16
8,I’m Good (Blue),David Guetta & Bebe Rexha,Dance,2022,G Minor,128,97,56,-3.67,37,30,2:55,0,3
9,Escapism,Raye & 070 Shake,Pop,2022,D Major,74,74,54,-5.36,9,25,4:32,14,11
10,Dance The Night,Dua Lipa,Pop,2023,B Minor,110,85,67,-4.93,33,78,2:56,2,5
,2024,,,,,,,,,,,,,
1,Beautiful Things,Benson Boone,Pop,2024,Bb Major,105,47,47,-5.69,14,22,3:00,15,6
2,Espresso,Sabrina Carpenter,Pop,2024,C Major,104,77,70,-5.49,20,66,2:55,13,3
3,Birds Of A Feather,Billie Eilish,Alternative,2024,D Major,105,51,75,-10.17,12,44,3:31,20,4
4,Lose Control,Teddy Swims,Pop,2023,A Major,160,60,56,-4.41,10,24,3:30,20,3
5,Die With A Smile,Lady GaGa & Bruno Mars,Pop,2024,F Minor,158,59,52,-7.78,12,54,4:11,31,3
6,Too Sweet,Hozier,Alternative,2023,Bb Major,117,64,74,-5.45,4,96,4:11,4,4
7,A Bar Song (Tipsy),Shaboozey,Country,2024,A Major,81,72,74,-5.19,17,66,2:51,11,3
8,Gata Only,FloyyMenor &. Cris MJ,Latin,2024,G# Minor,100,50,79,-8.47,9,67,3:42,45,5
9,Cruel Summer,Taylor Swift,Pop,2019,A Major,170,70,55,-5.71,11,-5.71,2:58,12,16
10,Please Please Please,Sabrina Carpenter,Pop,2024,A Major,107,59,67,-6.07,10,58,3:06,27,5
,2025,,,,,,,,,,,,,
1,Die With A Smile,Lady GaGa & Bruno Mars,Pop,2024,F Minor,158,59,52,-7.78,12,54,4:11,31,3
2,Apt.,Rosé & Bruno Mars,Pop,2024,C Minor,149,78,78,-4.48,36,94,2:49,3,26
3,Ordinary,Alex Warren,Pop,2024,D Major,112,68,45,-6.23,6,38,3:06,74,5
4,Golden,"Huntr/x, Ejae, Audrey Nuna & Rei Ami",K-Pop,2025,E Minor,123,69,65,-4.37,19,19,3:14,10,6
5,Birds Of A Feather,Billie Eilish,Alternative,2024,D Major,105,51,75,-10.17,12,44,3:31,20,4
6,That's So True,Gracie Abrams,Pop,2024,C# Major,109,81,55,-4.17,16,37,2:46,21,4
7,Messy,Lola Young,Alternative,2024,A Major,111,55,80,-5.81,12,65,4:44,11,4
8,Beautiful Things,Benson Boone,Pop,2024,Bb Major,105,47,47,-5.69,14,22,3:00,15,6
9,Back To Friends,Sombr,Alternative,2024,C# Major,93,72,44,-2.29,9,24,3:19,0,3
10,Luther,Kendrick Lamar &. SZA,Hip-Hop,2024,D Major,138,58,71,-0.55,25,58,2:57,25,13
